	Score	Time
0	-147.52847524585425	-1.8779444140653527
1	-66.26699842097345	-0.8690319159134381
2	-200.06209344907742	-2.53018242461237
3	226.0449596623902	2.7602054471376105
4	51.32928512159656	0.5910001292584074
5	-100.62437909103662	-1.2956004711033724
6	-12.125254175403448	-0.19682800607291293
7	27.252959486410294	0.2920773580754287
8	-62.454158504997636	-0.8216931030467899
9	-117.21361810228854	-1.5015663386613785
10	-10.669527756821791	-0.17875424424894285
11	9.542993315172703	0.07219695582142459
12	-36.91657516517453	-0.5046278956340836
13	68.25464264645021	0.8011391202013578
14	11.652051140581516	0.0983822392118015
15	-9.450807087855313	-0.16362305832026347
16	26.494476021761027	0.2826603073765432
17	107.72636028198525	1.2912053951699345
18	177.22657860242037	2.154094449461701
19	23.095250683162057	0.2404567804145877
20	-31.07939506984262	-0.4321556223964801
21	22.188859930744762	0.2292033674315353
22	-52.495100917445704	-0.6980451204787529
23	-147.00752474000078	-1.8714764848963223
24	69.5477841234558	0.8171942874098141
25	110.11669484502204	1.3208829066998986
26	155.29136952919566	1.8817549911074851
27	11.834715905395852	0.1006501375000681
28	34.64817770496418	0.3838936574929074
29	-91.99487928926015	-1.188459787190205
30	131.38189528317048	1.5849037851782541
31	64.2808673254188	0.7518021927556989
32	-19.22530096437279	-0.2849795659847709
33	119.82663017050413	1.4414378792268827
34	167.47867476886177	2.0330680739547153
35	-89.54694985249209	-1.1580671989694469
36	-151.11583544284514	-1.92248375397812
37	10.872224612511486	0.08870020091638904
38	-40.561637943019086	-0.5498836494895158
39	26.888925812599336	0.2875576503663561
40	37.15125434794428	0.4149709330681099
41	5.96629380462581	0.027789975056096962
42	24.33860140217447	0.2558937639523236
43	137.67045545055393	1.6629802267610982
44	-48.84843253698362	-0.6527694320539383
45	29.56944947551056	0.32083804263551363
46	50.20194559043861	0.5770034978029263
47	-45.78228032621588	-0.6147012180914211
48	-14.550377185760297	-0.2269374381224628
49	115.19210780881099	1.3838973604426477
50	156.3338064718769	1.894697503366681
51	114.21017455280197	1.371706039621917
52	47.40930451161433	0.5423310970865318
53	-68.75932821077532	-0.8999757625268376
54	-177.3548576619907	-2.248257767576606
55	17.802383882376873	0.17474250010593242
56	10.921929056886443	0.08931731294908885
57	-50.353027219486975	-0.6714499242027809
58	-71.71960040683557	-0.9367294093129166
59	-20.895449053615437	-0.3057155081167692
60	-9.12520414028726	-0.1595804923213161
61	44.56035649498858	0.5069596102163996
62	-75.21103939204954	-0.9800778268700864
63	38.07461793013954	0.4264350744400753
64	-77.13628039687548	-1.003980908473062
65	69.51745433351932	0.8168177239343659
66	135.4461127925913	1.6353636094477413
67	104.21233446636315	1.2475765478644656
68	-53.98124051763261	-0.7164964811383462
69	-121.65298483661262	-1.5566838772189358
70	-160.27233268740727	-2.036167443597009
71	55.78434240832692	0.6463124759223903
72	-120.11866700468941	-1.5376343534193548
73	-152.93519593110315	-1.9450722621737433
74	44.2751200351627	0.5034182196277557
75	96.38256747267349	1.1503650512708898
76	17.857466652407854	0.17542638744453995
77	-5.572211101382209	-0.11546784235652367
78	149.66453333782908	1.8118942701319458
79	46.41369007067875	0.5299699157242349
80	-56.02032868095272	-0.7418130470339023
81	-88.76024717138318	-1.148299788896272
82	-110.23044493074082	-1.4148658384389108
83	65.54743509358323	0.7675274306050095
84	-76.12551849256087	-0.9914316617972176
85	-15.66296013045941	-0.24075085724794326
86	-91.61409229440142	-1.1837320764315806
87	-42.27008919858171	-0.5710951495947256
88	16.65103937969934	0.16044783178562694
89	42.89227499617785	0.4862493261083112
90	-136.04372087980516	-1.7353539435145648
91	51.90029819601716	0.5980896167979041
92	-65.69357177322492	-0.8619124623384852
93	-2.765721599158758	-0.08062350472742423
94	84.87904917809075	1.007541614710232
95	74.03296538744561	0.8728806422550243
96	-58.85936764668625	-0.7770615067861355
97	-5.351672533019576	-0.11272971690471716
98	24.499948006146287	0.2578969838252818
99	5.1168883319406095	0.017244070269779532
100	107.73419740745415	1.2913026980266398
101	-112.47210033012949	-1.4426974043587228
102	22.478261056919962	0.23279646498016365
103	-190.99341492072432	-2.4175890597551866
104	49.35737917474778	0.5665176729618873
105	-11.696633423578996	-0.19150640904588775
106	130.39638617890517	1.5726680679456164
107	-49.48106956028237	-0.6606240197938981
108	7.994839290047251	0.052975646954748636
109	-74.40659614233697	-0.9700901564461536
110	88.71307381981806	1.0551434493113567
111	-15.572849221358798	-0.2396320734654708
112	100.31768715850615	1.199222044619854
113	-73.67198839816618	-0.96096953787888
114	-77.4486212549944	-1.00785881726518
115	-101.40155126397056	-1.3052495539052846
116	48.332590115142146	0.5537942703041484
117	-20.25080021358815	-0.29771178609453386
118	-149.20900181199423	-1.8988092115352384
119	48.185367465060345	0.5519664082287561
120	8.18811476526772	0.05537528390641768
121	27.850993788848594	0.2995023312069633
122	-9.362863652144812	-0.1625311850872683
123	74.37733466426265	0.8771562040702369
124	-25.203336135898738	-0.3592006438510001
125	-78.61096625810683	-1.0222900637379917
126	-3.5200240598329846	-0.08998864562439546
127	4.481612662331613	0.009356722071302049
128	0.6612988647390741	-0.03807488375047624
129	-5.803211820412386	-0.11833586200885993
130	21.67066443315178	0.2227696434280413
131	-68.85066155253838	-0.9011097235819796
132	-39.09294174269522	-0.5316488596432982
133	-59.542776009205056	-0.7855464527313419
134	-27.715993772055683	-0.3903968735006119
135	5.338193556705996	0.01999171424446735
136	-45.512614905465064	-0.6113531517758014
137	13.78902719311202	0.1249141450039595
138	-45.37862189379143	-0.6096895440070935
139	83.93759490869101	0.9958528660442092
140	46.64766209204149	0.5328748259694602
141	-45.626747201169394	-0.6127701762267231
142	200.8227881206346	2.44705627617377
143	-69.28438715695681	-0.9064947005743282
144	-70.67115095014553	-0.923712247899339
145	-71.4130817346327	-0.9329237866318416
146	22.96000155902226	0.23877757721720055
147	114.51062460710092	1.3754363165833592
148	-11.45276884038501	-0.18847867640485744
149	59.53636501429221	0.6928962035189807
150	24.13532015174727	0.25336989898937284
151	114.48523478553628	1.3751210859316
152	-77.07701890270171	-1.003245139638096
153	-138.87594197814445	-1.7705177551420834
154	13.151962965562793	0.1170045907303518
155	-29.573161024850513	-0.4134547765281565
156	-29.24910123684017	-0.4094313698286121
157	-113.6650965515187	-1.4575092050425993
158	23.635715740883928	0.2471669950557156
159	-19.467495677187085	-0.2879865661316085
160	-8.187063382346489	-0.1479328829903674
161	-61.94138959788515	-0.815326753587447
162	111.0788613192137	1.3328288104545976
163	15.43505394186974	0.14535060547701786
164	92.6417275571805	1.1039201638310538
165	-18.779807272651095	-0.27944848076471696
166	103.12449263568156	1.2340703052773132
167	-7.093700786666872	-0.13435809662301906
168	-163.9282777326296	-2.081558307666957
169	-31.113284105257826	-0.4325763761498779
170	-24.645542940171207	-0.3522752894451681
171	-50.61701590841732	-0.6747275103117134
172	-5.524713150937421	-0.1148781253379219
173	94.0353225810291	1.1212225251941528
174	81.30173126960065	0.9631269561443264
175	13.982613724738082	0.12731764391713227
176	34.943897209480795	0.3875652016945597
177	81.21735321100033	0.9620793493173534
178	-46.56467623843406	-0.6244151569119152
179	-193.06547741661225	-2.443315022791255
180	51.79587740083373	0.5967931667523978
181	99.8008484134393	1.192805165554872
182	-102.95114174634286	-1.3244886972948615
183	-92.54906196114604	-1.1953403146648631
184	-29.443843715096847	-0.4118492205484267
185	-149.13346928925444	-1.897871427616133
186	135.99789893427536	1.6422143824881057
187	-31.076047704250435	-0.4321140627409853
188	230.20688494147257	2.8118783750058736
189	245.90653646038282	3.0067994526549136
190	72.03968922415856	0.8481328612401356
191	46.16874952165397	0.526928824288648
192	56.96130686447033	0.6609252321271861
193	132.45565970694759	1.5982352478780302
194	-26.440598827112886	-0.37456204068302057
195	-81.82192349326768	-1.0621561234278298
196	59.31833151020593	0.6901891800204716
197	87.06724643391914	1.0347094640539574
198	22.657917484544313	0.23502701286442304
199	-156.04337912190266	-1.9836623172683756
200	55.71367798189789	0.6454351324899957
201	47.71190681817457	0.5460880956175349
202	-27.47938769200432	-0.3874592597550854
203	-41.406522067383484	-0.5603734188841619
204	-32.29690977327021	-0.4472718355022172
205	-120.83723455098045	-1.5465558228110778
206	0.9135211027838981	-0.0349433855520906
207	-66.301349255664	-0.8694584031961627
208	7.429296281814758	0.045954073737739486
209	-167.1623453198412	-2.121711296956548
210	-98.68229901348198	-1.2714883217896304
211	36.2302646718073	0.4035362652374241
212	80.89181968007824	0.9580376451698568
213	80.10676478894695	0.9482906934487536
214	112.84173386437043	1.3547159852014996
215	-58.73754499187565	-0.7755490016754872
216	-23.96119724497309	-0.3437787059234367
217	46.680191119109445	0.5332786943612728
218	-43.6720695169761	-0.5885016196794289
219	-23.927023878515165	-0.3433544220207748
220	34.72796300514718	0.3848842423268121
221	-160.1442730972761	-2.0345775029998188
222	-23.867357889396704	-0.3426136311258968
223	0.9582744115599766	-0.03438774499124846
224	22.092019886732853	0.22800103719410006
225	34.73055463829015	0.3849164190872001
226	-95.81249232326827	-1.2358578613283202
227	96.13286142091816	1.147264793112611
228	136.85700353377524	1.6528807080524701
229	-11.412192004457602	-0.18797488938913726
230	-27.452640877341683	-0.3871271811779628
231	6.088654750734859	0.02930916339279372
232	-148.24471040190002	-1.8868369253608048
233	148.7978568646288	1.801133934978915
234	-65.24532825088862	-0.8563472362366348
235	29.830986471599346	0.3240851894311807
236	56.71872874715874	0.6579134717716459
237	-5.322645784973906	-0.11236933151636036
238	4.45801857704849	0.009063786618308695
239	-35.207948536517826	-0.4834142181612777
240	-85.6104600194325	-1.1091931943783102
241	-36.41981432812416	-0.4984602964631679
242	88.89985819967715	1.0574624952192413
243	92.6739985326797	1.10432082834985
244	-8.389250062298089	-0.1504431581703596
245	-130.84935544468868	-1.6708626197997498
246	47.837466217531166	0.5476469947690272
247	154.30087049121525	1.8694573206999017
248	54.27482713149266	0.6275708914907985
249	1.2339912200359149	-0.030964546879535582
250	-21.083245386085263	-0.3080471180547009
251	26.89908021825676	0.2876837237184459
252	51.59842443997952	0.5943416636812412
253	-52.26401906227111	-0.6951760934699994
254	33.63358473362341	0.3712968457031249
255	85.9958128914851	1.0214069407164796
256	-69.94734608185398	-0.9147257538510428
257	-60.56801307536324	-0.7982754176730532
258	-112.78393343578644	-1.4465690090837122
259	-138.7578540664821	-1.7690516192236636
260	5.974913875757499	0.027896998677122968
261	-74.2561963854208	-0.9682228485851516
262	-159.80728263147867	-2.030393553778298
263	-79.80715071043478	-1.0371414483202512
264	-112.8945176853688	-1.4479419823037636
265	60.81161402149507	0.7087292244274667
266	8.41481626158978	0.05818992599669085
267	41.579665099648956	0.4699524461899238
268	-74.6879321111398	-0.9735831199781424
269	-9.903764061241588	-0.16924680489035476
270	-75.1480711012628	-0.9792960358167572
271	6.173927658988951	0.030367880342729508
272	-123.08636896735837	-1.5744802454449096
273	-2.283673713029567	-0.07463857612378184
274	-106.67067205735495	-1.3706690125520165
275	-12.845459732540732	-0.20576981240262252
276	124.98679837117214	1.5055046227028763
277	-37.89169656074698	-0.5167346429102685
278	125.78354500519042	1.5153967347875952
279	-43.274195891388345	-0.5835617676212936
280	-112.84386886275956	-1.4473131452195294
281	58.757291247848876	0.6832235112340393
282	-92.02688079551017	-1.188857106078279
283	-37.31379987684531	-0.5095596910165758
284	104.8575675013834	1.255587523036075
285	112.96961288597728	1.3563036839265503
286	109.92045865729332	1.3184465106346899
287	86.79993358446777	1.0313906063951273
288	18.14311640556384	0.17897290933060103
289	-92.56074142244728	-1.195485322544844
290	8.113938435345824	0.054454337976693634
291	37.391550217887044	0.41795435788282254
292	89.76193742418556	1.0681657526296129
293	46.79213310939631	0.5346685247886942
294	-18.29699604380763	-0.2734540747797262
295	175.31082697835717	2.13030918450722
296	-107.29436702677786	-1.3784125790520605
297	123.34371574904948	1.485104715419279
298	37.06774631963024	0.41393412821599496
299	-43.568868369394856	-0.5872203123283121
300	-105.50755913998869	-1.3562282319393084
301	-3.903321654508359	-0.09474752706354188
302	4.228979024392972	0.006220116083705234
303	135.12549634233247	1.6313829539585936
304	-3.503135286299837	-0.08977896084678835
305	101.17785843020836	1.2099016135925147
306	-121.96850242145443	-1.5606012270773395
307	79.18620121855356	0.9368613159896813
308	-76.49826684646905	-0.996059567757307
309	67.46068804150967	0.7912816729189758
310	-20.464930907805982	-0.3003703537464593
311	51.29554952462722	0.5905812805401108
312	-49.800011368943075	-0.6645838835511666
313	-62.43575317315201	-0.8214645892410206
314	45.46914625010149	0.5182428083313161
315	34.56832602368764	0.3829022484958501
316	-21.441802345328888	-0.3124988288974637
317	59.62947897401806	0.6940522720694241
318	58.99984746026034	0.6862349996264259
319	125.3988704094022	1.510620757010959
320	26.896946214119865	0.2876572287108612
321	48.51979519881174	0.5561185395152392
322	27.383482517265865	0.2936978838432613
323	97.65102473969745	1.1661137484405215
324	-98.77875696855263	-1.2726859081518211
325	-100.1092746854565	-1.2892051249572172
326	-0.1820603669585057	-0.04854572064069335
327	-96.64038099433448	-1.246136621448778
328	-50.31264830078751	-0.6709485944543007
329	37.929691457797766	0.4246357208598569
330	24.27311385831034	0.2550806947827812
331	36.49799541102083	0.4068603112612748
332	-66.16056091718717	-0.8677104271583975
333	87.11983654182085	1.0353624034197473
334	-6.567057673947096	-0.12781949014859273
335	9.36936901298394	0.07004130057978228
336	-163.69730127488526	-2.0786905892337897
337	58.053244660313055	0.6744823287057321
338	124.10551772574941	1.494562967538739
339	157.48795081558652	1.9090269334796648
340	-48.386243625021976	-0.6470310651425144
341	24.69817596446815	0.2603581089789023
342	55.813577841654684	0.6466754522701722
343	-168.05327159753807	-2.132772708730265
344	118.46874601259411	1.4245788907924215
345	-41.2052391974821	-0.5578743650761069
346	-13.004830584692353	-0.20774850207034046
347	-78.73138512422636	-1.023785139926468
348	-48.045292921824945	-0.6427979470753832
349	142.47802196346592	1.7226691978466993
350	-30.154529223330435	-0.42067282946532464
351	-105.6460910545088	-1.357948193050198
352	-163.80455305158623	-2.0800221877007457
353	-39.915026785576565	-0.5418555640586529
354	6.296682065442386	0.031891953737814185
355	61.76546112595635	0.7205718379587328
356	49.451098512505425	0.5676812576624949
357	33.99599377776414	0.3757963826099525
358	129.71577863223817	1.5642178958960902
359	46.45262610476967	0.530453331150064
360	10.671478100110422	0.08620780632505877
361	-68.93950393164793	-0.9022127577643676
362	1.7865267209799067	-0.024104470071230046
363	-103.27490343622473	-1.3285084029180874
364	-47.72255050560204	-0.6387908963776368
365	65.59145321484907	0.7680739433491228
366	-89.66919316912227	-1.1595849268619574
367	-138.60121200215303	-1.7671068091782038
368	20.070138570413004	0.2028981051589003
369	-163.21561646089967	-2.072710168399852
370	-55.69747540664133	-0.7378046199630531
371	38.02173205145393	0.42577846289341775
372	-21.788630627365723	-0.3168049208137305
373	23.565773901365155	0.2462986229956521
374	32.55761693296423	0.3579380266893693
375	-37.89567955845072	-0.5167840943394134
376	-29.989290472873925	-0.41862128613841904
377	-79.99243463644125	-1.039441865147002
378	-15.36072675729087	-0.23699843925773775
379	12.962808662741276	0.11465612073383545
380	-89.94470304976596	-1.1630055558340937
381	88.7224674072966	1.0552600766257976
382	-49.938609243737126	-0.6663046636004678
383	-37.198593932750356	-0.5081293365435791
384	-156.62759876166703	-1.9909157726479068
385	87.71399864298725	1.0427393007297336
386	31.726285412945053	0.3476165214272576
387	66.20381823095568	0.775676841331304
388	51.78560164423941	0.5966655867518728
389	-29.562146996157736	-0.4133180304137941
390	-125.11900200499544	-1.5997166668829288
391	-47.872145995915446	-0.6406482187613982
392	-20.868075205091476	-0.30537564451869725
393	13.202831280542135	0.11763615295082662
394	-66.6123529221656	-0.8733197099107912
395	-41.68593645228604	-0.5638425247398078
396	58.00695366258171	0.6739075967664674
397	65.68289028732919	0.7692091922865549
398	38.202382944925006	0.4280213576985178
399	-207.34685402598205	-2.620627322727157
400	28.450678168410487	0.3069477910869297
401	88.13162852664443	1.0479244391949314
402	-48.78003261960375	-0.6519202039299427
403	32.949498713973185	0.3628034862171355
404	138.89035475610567	1.6781260462065204
405	-83.54579588833538	-1.0835590867083391
406	30.487600382393907	0.3322374653550931
407	-70.99301829635709	-0.9277084340508612
408	14.459767756347988	0.13324181222965562
409	-44.28501032503873	-0.5961116664819796
410	67.82927207774789	0.7958578762481546
411	23.716342501104965	0.2481680271468232
412	-76.18340325920815	-0.9921503376914412
413	-172.62018924559908	-2.1894738723466824
414	63.282594116757615	0.7394080011148192
415	-77.00068358596836	-1.0022973885251223
416	-11.983111510015197	-0.19506321521217235
417	25.084476085939837	0.26515426868235303
418	48.284792599310954	0.5532008339922952
419	-33.87006125388689	-0.4668035035483288
420	77.83113017210732	0.9200372541086792
421	-58.46851278433493	-0.7722087971013301
422	-106.88032845827716	-1.3732720290300926
423	-91.23246707136782	-1.1789939585413736
424	-46.51687126378605	-0.6238216279941458
425	18.492612680947918	0.18331212606736325
426	-57.26998793694279	-0.7573283550379228
427	43.5893580559857	0.4949040520469712
428	30.053737865905823	0.3268507885130295
429	-154.44597434072114	-1.9638295291956855
430	-70.67757622143843	-0.9237920216957886
431	138.61877989156847	1.6747542729417302
432	166.8203885820244	2.024895035668785
433	-37.98185581115277	-0.5178540268805406
434	-54.42561407132287	-0.7220136591381068
435	-18.2704768226582	-0.2731248219196462
436	163.86737889874684	1.9882315575604208
437	27.811574687303327	0.299012918193948
438	-55.36326290391425	-0.7336551609055143
439	-141.0881529403587	-1.797983749799508
440	152.99960129065371	1.8533012426761668
441	-33.30969074857291	-0.459846150218099
442	105.54204559580278	1.2640857503776617
443	61.086099745101	0.7121371378438951
444	-34.88459717994218	-0.4793996070849053
445	76.12295788782079	0.8988292176078495
446	-43.67954074497686	-0.5885943796882429
447	105.53223995055308	1.2639640071060474
448	-61.262438914295174	-0.8068971525382451
449	96.18088429028542	1.1478610273307777
450	169.7734529601089	2.0615591928476813
451	-21.880330233263972	-0.3179434292691666
452	173.23327024923813	2.10451500709958
453	-54.36929666212055	-0.7213144429753215
454	-42.1446116679409	-0.5695372668949863
455	2.1703328090825216	-0.01933927536540406
456	-38.43156115671421	-0.5234374024399144
457	131.5399829319239	1.5868665430662814
458	-83.73227294964792	-1.085874317062598
459	-83.37483809818464	-1.081436537895804
460	25.613234207100835	0.27171913432081896
461	61.60181093815247	0.7185400176392959
462	5.2093255117985455	0.018391736171219718
463	3.017622106847233	-0.008819644225702201
464	-94.60788648251186	-1.2209019198961333
465	-90.02088401144853	-1.1639513905317378
466	161.4945567723601	1.958771473979095
467	-88.01900492602749	-1.139096798811448
468	-23.654939968345474	-0.3399763286333286
469	-44.27886765436089	-0.596035401350443
470	-178.1046789641572	-2.2575672720637883
471	43.18982237868346	0.489943564568304
472	11.69210917446896	0.09887958497291204
473	-93.87661659420448	-1.2118227429150723
474	32.033056688611275	0.3514252803396835
475	-79.08266944702765	-1.028146556399895
476	28.78214244850145	0.31106312922673945
477	-23.315377460026617	-0.3357604458813453
478	1.5567434258534756	-0.026957374637795885
479	34.26160721894961	0.3790941410430986
480	-36.12952491213986	-0.4948561702361866
481	55.90655299161894	0.6478297974098579
482	9.559101158701322	0.07239694486037992
483	-75.75515774074744	-0.9868333994233408
484	-80.18815602938466	-1.0418718697101956
485	158.566160546756	1.922413587475016
486	51.511343073628886	0.5932604935831807
487	-100.113790674633	-1.289261193811731
488	28.899640560390505	0.31252194240890185
489	1.3942960245656821	-0.028974261603864074
490	111.12016642382616	1.3333416393854671
491	-120.2385265792296	-1.5391224856500472
492	51.13084908224161	0.5885364206474942
493	-6.562431870920916	-0.12776205788585945
494	61.7534314576762	0.7204224820381824
495	22.591283657149358	0.2341997118617186
496	-134.19062354496282	-1.7123465710858865
497	-10.179635206443436	-0.1726719191898823
498	116.47879799572586	1.3998724308148656
499	-115.74371855036401	-1.4833166084459108
500	155.85406918167462	1.8887412622690982
501	8.290457383894204	0.05664593207896284
502	-57.99769761278574	-0.7663633297352967
503	-44.85684518880743	-0.6032113570546543
504	-48.87813135132559	-0.6531381615693331
505	168.87026034410923	2.050345486745781
506	3.4770747255161814	-0.003115250121683189
507	-113.81814341291071	-1.4594093783755808
508	13.975159057500568	0.1272250895206413
509	-57.52605138494827	-0.7605075442811768
510	70.58199572074938	0.8300346768171067
511	-13.836055045570795	-0.21806867812568226
512	27.613453694032604	0.2965531210789157
513	-71.5227928601696	-0.9342859194660632
514	59.803839390511705	0.6962170666345352
515	-11.944447864657672	-0.19458318166430336
516	136.0570390523241	1.64294864436191
517	92.70638447912472	1.1047229203054671
518	138.36861966695233	1.6716483759408718
519	-86.17619556447644	-1.1162171580612943
520	36.991906344274405	0.41299252707870665
521	-23.456216025362547	-0.3375090455172517
522	34.999086720099015	0.3882504142848946
523	94.25725522366196	1.1239779589574683
524	-51.52462938014004	-0.6859961041262886
525	-16.93078341644565	-0.2564916831430481
526	-56.55697545420703	-0.7484758552646209
527	60.284344179617314	0.7021828367151753
528	39.632805706102936	0.4457809586531427
529	15.966416281075404	0.15194780412536546
530	50.77042954778148	0.5840615847584228
531	41.61304613475982	0.47036689279907395
532	-146.9200669022481	-1.8703906406683104
533	92.50974215134717	1.1022814817553408
534	-3.9427938040280117	-0.09523759870062422
535	138.05002008664164	1.6676927611644616
536	14.74640167614795	0.13680055316545794
537	-123.2982884555163	-1.5771113595786737
538	61.91597676056508	0.7224405845143888
539	94.85889771346292	1.1314477300113164
540	21.96695938647686	0.2264483321896696
541	-20.422431477892843	-0.29984269651354806
542	-158.96088224664513	-2.0198849590534027
543	35.36945851248889	0.3928488137344928
544	118.62435298947833	1.4265108495742738
545	84.65533934105055	1.0047641159572156
546	106.33960747991871	1.2739879843066393
547	19.935317697724415	0.2012242189734401
548	-0.06291130664271671	-0.04706640989232101
549	-11.214401403493206	-0.18551919430301425
550	242.08953330306582	2.959408950520656
551	-46.832739703528205	-0.6277433339374721
552	-110.97259983495775	-1.4240801597592432
553	-180.05585190090028	-2.281792314960537
554	96.01662683931181	1.1458216674559998
555	-97.79245657503101	-1.260440366563886
556	52.741236656171345	0.6085303982822791
557	134.02948251908063	1.6177752509284231
558	-5.274185239975576	-0.11176766327912868
559	-2.5093879333711295	-0.07744096055993932
560	301.77135597448756	3.700396428947178
561	99.523065603901	1.189356316736644
562	70.51956558244109	0.8292595672662882
563	-145.8131845882277	-1.8566479984689188
564	-36.59675187391221	-0.5006570877142374
565	-34.43947920417614	-0.4738731866154592
566	-72.59856553096742	-0.9476423158194932
567	64.25066734892512	0.7514272409960352
568	126.04897043570632	1.5186921589496731
569	-150.66249900537102	-1.9168552961219951
570	-7.3795463209220244	-0.13790704925493374
571	42.85102690978915	0.4857372050946592
572	66.78696796002329	0.7829170130945875
573	-104.20345414542696	-1.3400369457441157
574	36.84565891608007	0.4111767729982608
575	-120.00127896125917	-1.5361769068065447
576	99.576432826642	1.1900189044734026
577	-31.321246675300145	-0.43515836264903596
578	84.65719712586396	1.0047871815276477
579	-44.83056758346323	-0.6028851040072183
580	-40.00604304588821	-0.5429855883475463
581	134.9425833124986	1.6291119733034929
582	-93.92900876243746	-1.2124732247350059
583	7.757879540301866	0.05003364217686021
584	39.238273269732844	0.44088258956691617
585	-50.89772407967625	-0.6782126793411518
586	85.52304364292965	1.0155372122516944
587	95.27899462541295	1.1366634981890813
588	41.378073859965646	0.4674495637764928
589	43.02143282673882	0.4878529020532569
590	132.98472225892198	1.6048038932170927
591	-78.82366675662594	-1.0249308746080863
592	66.86789887867228	0.7839218215044549
593	76.84489812265585	0.9077925610554892
594	40.38803933783641	0.4551576606262388
595	-87.64155146339785	-1.1344104759583888
596	54.821507097996154	0.6343582681450926
597	-4.09610846378062	-0.0971410969191916
598	-73.85062301664871	-0.9631873993580408
599	153.80581682590775	1.863310917143134
600	46.331524825065934	0.5289497823664431
601	-150.47054317598193	-1.9144720434058144
602	117.07893284505552	1.4073234835611754
603	-39.70210181921367	-0.5392119662786734
604	-53.51203833108302	-0.7106710399986259
605	-19.95451737050312	-0.2940332476891754
606	31.69123713175766	0.3471813749062941
607	34.970654908459395	0.3878974154073313
608	-118.64216316996375	-1.5193026268666343
609	-71.0252338724427	-0.928108410750989
610	140.10754127431204	1.6932381846857023
611	-80.32246736578571	-1.043539429681208
612	112.54489658759871	1.3510305631521595
613	-154.0192630509416	-1.958531639344522
614	7.521579640237896	0.047099829849029225
615	20.84932408806662	0.212572184905615
616	-39.31191754010575	-0.5343675823078687
617	-43.54866606393832	-0.586969487961552
618	30.777605860845398	0.335838066318484
619	12.934794426363755	0.1143083063165763
620	-36.791516992744896	-0.5030752195310859
621	-178.96472350864533	-2.2682452676381413
622	94.51505883772964	1.1271787534601592
623	-73.59359063780752	-0.9599961802272166
624	-81.08472545570345	-1.0530033447340037
625	69.35611072495853	0.8148145412513252
626	-191.88086661886368	-2.4286073324317767
627	24.653564984593515	0.25980423552115905
628	34.36155523233508	0.38033505868095263
629	102.06302443719615	1.220891507971542
630	-13.712643691261107	-0.2165364483085301
631	83.50540923881086	0.9904870083106128
632	72.32837679802986	0.8517170995867703
633	-54.93326034629122	-0.728316407887795
634	83.6806029093432	0.9926621482502682
635	183.79225701377766	2.2356114888620526
636	57.75072447532697	0.670726349765878
637	-53.94332994934856	-0.7160257975174191
638	-106.10035321216286	-1.3635881443063425
639	0.19871381390300602	-0.04381816897592824
640	27.28170581035018	0.2924342618216081
641	69.1627658599461	0.8124140427816149
642	111.98437153587771	1.3440712910307917
643	24.365020717837126	0.25622177642276045
644	-7.3435187751416695	-0.13745974454628473
645	11.736836255852701	0.09943489990413287
646	21.902670930456072	0.2256501504521405
647	86.50257910663254	1.02769876296831
648	8.450457460264998	0.05863243396230455
649	22.20620897858644	0.2294187668050444
650	13.709633406356817	0.123928421056245
651	-24.856963958432356	-0.35490021476070666
652	-93.28281380417548	-1.2044503066795262
653	8.21058481461579	0.055654263744185264
654	-79.35208162515201	-1.0314914785485505
655	82.65382224624162	0.9799140185787348
656	92.98562043818464	1.1081898108917176
657	-77.96574301010413	-1.0142792100783795
658	26.7622002908455	0.28598427306965996
659	23.814909820087543	0.24939180259266155
660	-114.28781504308492	-1.4652406479540467
661	-31.541487553104304	-0.4378927920847625
662	110.53072057647108	1.326023297341772
663	-96.49322556607665	-1.2443095939747366
664	-128.58846669105978	-1.6427922596537858
665	34.04037174925188	0.3763473631215804
666	-155.1595150438632	-1.9726885871585569
667	-49.209276814993906	-0.6572495414021321
668	17.67311923424	0.1731375979533965
669	15.72789360901629	0.14898639468099084
670	-147.96980736608532	-1.8834238307500453
671	81.10019879205092	0.9606248032998536
672	-74.60777452219614	-0.9725879129444176
673	13.985195931997113	0.12734970364922488
674	147.79813394973397	1.7887217443206047
675	-115.87887919795743	-1.4849947131511598
676	-26.31646012158778	-0.3730207803416834
677	-157.03983097894894	-1.9960338956799664
678	0.09952385065902769	-0.04504967494306368
679	-150.77793702766326	-1.9182885319922167
680	-60.35667919809919	-0.7956515742679661
681	74.5893052724489	0.8797879528914013
682	-70.90815638000024	-0.9266548198246016
683	183.18324603612547	2.2280502333831604
684	53.81503814691693	0.6218623211918523
685	43.299470723947735	0.4913049179458362
686	-41.07860922745454	-0.5563021741143708
687	17.950263538480986	0.1765785193255605
688	69.60998423881486	0.8179665410806093
689	19.461216867815438	0.19533795808612986
690	-12.628829523064361	-0.2030802116919564
691	163.95984381460613	1.989379567821815
692	10.571302078470657	0.08496405782088995
693	65.39729943817002	0.7656634017307737
694	2.458788813234208	-0.01575791210292284
695	-82.47558167559964	-1.0702717021182735
696	-88.79945771063863	-1.1487866124768888
697	-1.3621760438297996	-0.06319760123875683
698	50.95911323429891	0.5864042117566381
699	136.11056900488987	1.6436132524921006
700	57.19328698609329	0.6638054116805627
701	-113.23395237961788	-1.4521562781634398
702	98.60795729022503	1.177994669731138
703	24.285525694063185	0.25523479555359346
704	83.37732816290467	0.9888968009539711
705	72.97206826914815	0.8597089352700493
706	-46.1966262928885	-0.6198455846556139
707	-63.42623200987663	-0.8337620088372698
708	15.19271590609292	0.142341825885186
709	50.951075280850944	0.5863044154938813
710	34.81945752901299	0.3860202045594406
711	38.0638970052176	0.4263019673939308
712	-41.291865305330255	-0.5589498828526618
713	144.70976114122965	1.750377647619442
714	-160.38161564545007	-2.037524260461684
715	-116.57945295187425	-1.4936927782592684
716	-141.81488108429903	-1.8070065381591167
717	94.25883883010202	1.1239976204304314
718	-51.814872623468254	-0.6895996570906168
719	115.12144353957912	1.383020018961955
720	-53.11456688963264	-0.7057361813102719
721	62.09454793047141	0.7246576582394498
722	-5.611075255815177	-0.11595036535105435
723	22.866092746048828	0.23761164006225954
724	57.087968214920245	0.662497812696662
725	-12.172506956407965	-0.1974146791582499
726	-123.60709408785685	-1.5809453763125745
727	30.6912182441553	0.3347655095601073
728	-76.5551246571347	-0.9967654933451688
729	14.981923700204844	0.13972470767194212
730	53.30780268786381	0.6155646729809127
731	43.08377388281118	0.4886269055919194
732	-143.62203505516266	-1.829443494740872
733	-124.30228332113587	-1.5895765892001688
734	-29.588996917112972	-0.4136513891205834
735	-47.05858001842939	-0.6305472839171333
736	-13.760265190031117	-0.21712769925752934
737	23.790336290909366	0.2490867067258341
738	-35.50972605596676	-0.4871609764399814
739	-34.01960657407176	-0.4686602030382948
740	49.603843014441566	0.5695776770120897
741	48.43456201933574	0.5550603158231461
742	74.90690129921587	0.88373110791748
743	80.19575499270744	0.9493955629674375
744	-146.47024336258994	-1.8648057976546637
745	-28.978337866908497	-0.4060696717812766
746	-45.670380596032174	-0.61331191234984
747	-24.82946920951469	-0.3545588501079775
748	70.01192612043943	0.8229569031038794
749	-131.74181771460255	-1.6819431018858129
750	82.12121698986142	0.9733013883295778
751	96.37695320016587	1.1502953465359738
752	1.1907804693864552	-0.03150103560812115
753	-7.6523389233767976	-0.14129394150417401
754	122.03850712441155	1.4688997269604709
755	-78.1422675692227	-1.016470873839417
756	144.50546681343315	1.7478412046618568
757	-2.3904792865676234	-0.07596463469698557
758	-23.443915753719153	-0.33735632988523795
759	27.777988012901965	0.29859591844327993
760	-13.612660373618503	-0.21529509234605235
761	54.93320517968411	0.63574507029339
762	-82.50085602840177	-1.0705854991525032
763	50.755286716788426	0.5838735769588695
764	-92.44958841452986	-1.1941052878312646
765	166.11355839225578	2.016119292962737
766	-115.24922083377012	-1.47717710734314
767	42.55778328412337	0.4820964004908349
768	149.50843118231674	1.8099561633950445
769	126.03744582496167	1.5185490736370388
770	-25.057960387528382	-0.35739571222546346
771	-18.126357386029586	-0.2713354881969209
772	-27.52639998429719	-0.3880429470213563
773	14.788504584350267	0.1373232873311857
774	27.677495532316183	0.29734824090165984
775	-47.040160889947856	-0.6303185988174257
776	38.338921299660036	0.429716567507049
777	32.18880584212769	0.35335900433411604
778	142.22087493662528	1.7194765552886366
779	-55.57985236376165	-0.7363442556838301
780	-16.104424349150836	-0.24623191401835476
781	-77.98749882039502	-1.0145493221876782
782	-53.19261300232995	-0.7067051730343846
783	-79.99439361461764	-1.0394661870968729
784	-54.992564848750135	-0.7290527106977528
785	7.697582792594434	0.04928502001618944
786	-100.40069768052648	-1.2928233252836594
787	100.34748853676561	1.1995920475309865
788	-94.18330045442352	-1.215630416509576
789	58.67478298456833	0.6821991190955118
790	91.83351261600193	1.0938856654782192
791	-15.489562023441255	-0.2385980103620381
792	-8.991558253473212	-0.1579211943267219
793	120.21082860660509	1.446207945180619
794	-11.361737921707855	-0.18734847012310904
795	-18.984120608519387	-0.2819851597195045
796	-42.62583891833623	-0.5755120067882991
797	44.08090200679044	0.5010068802841025
798	-43.95657468284788	-0.5920339307922998
799	29.987969993160373	0.3260342388835816
800	-21.716256354529108	-0.3159063485595383
801	28.540600403583124	0.3080642323635624
802	56.023146781053235	0.6492773828582575
803	25.926048751128608	0.2756029242223173
804	-162.45372828407292	-2.0632508460514387
805	-35.42891317714994	-0.4861576335690952
806	-34.272553289218806	-0.4718006960769371
807	-17.502497559430786	-0.2635898748910389
808	235.09760170431107	2.8725997088992052
809	-66.48305635625387	-0.8717144114789452
810	103.07622599247567	1.2334710444531565
811	-59.982760962049	-0.7910091434830699
812	47.62069214705729	0.5449556079333232
813	54.61095873773109	0.6317441774290871
814	-56.556953629800475	-0.7484755843008457
815	-29.781258497783178	-0.41603843793180095
816	67.40115828469393	0.7905425734340775
817	8.11802187682352	0.05450503647865658
818	-120.1495690348813	-1.5380180216185686
819	-16.434643425147566	-0.25033179216380425
820	116.48629380549689	1.3999654960218648
821	-9.53747340266735	-0.16469907529163927
822	-2.475248478553351	-0.07701709769168287
823	-202.20005228079341	-2.556726532228097
824	18.107218548139276	0.17852721478470235
825	22.55056492316167	0.2336941630920644
826	17.85459302218725	0.17539070951253674
827	-57.503427108867115	-0.760226649621225
828	-128.29205109048368	-1.6391120729804267
829	57.996956515909424	0.6737834758838841
830	168.19851023585449	2.0420052853818107
831	-28.03708507204031	-0.3943834245486621
832	36.64360478690932	0.40866814351983183
833	-57.84724050955744	-0.7644953098836529
834	-27.640985553295188	-0.38946559914616397
835	-8.562600655032227	-0.15259541513645458
836	-28.03129322688695	-0.3943115151373284
837	90.47198957252888	1.0769814979839214
838	87.30216476217302	1.0376261232962087
839	-65.96050504334539	-0.8652266072804664
840	119.53293084565908	1.4377914168302723
841	-132.5510528490497	-1.6919902665816606
842	13.549831858397354	0.12194438402837054
843	134.13809161470547	1.6191237013660769
844	-114.60523734395146	-1.4691816460634772
845	-145.7791387211617	-1.85622529755164
846	-15.229840012394043	-0.23537339775063584
847	38.53465441442061	0.4321467176039973
848	27.592523264976812	0.29629325659833805
849	46.49862340742708	0.5310244166797098
850	-5.382939956732811	-0.11311792169500515
851	76.40798827258708	0.9023680496446272
852	62.96532250366854	0.7354688738892065
853	33.80225086631307	0.3733909421426009
854	20.373252088628583	0.20666145070509967
855	138.9674699137289	1.6790834795361005
856	0.7980531842612142	-0.0363769926028728
857	-49.29458602766778	-0.6583087090943419
858	-115.42813365264148	-1.4793984228556292
859	115.73243052071155	1.3906058077706058
860	90.96688272857489	1.0831259087169514
861	-15.79018922023683	-0.2423304866593254
862	-11.57337911794043	-0.18997612908706094
863	-45.44103013821272	-0.6104643817314933
864	11.775933657306995	0.09992031880757596
865	-62.80137073325375	-0.8260039618975794
866	-24.384353398938163	-0.3490324565207251
867	28.77365365833808	0.31095773554175304
868	-75.3764886640631	-0.9821319839549292
869	123.09042497107656	1.4819599506236032
870	-1.7031917982624827	-0.0674315269580159
871	-10.430628727594115	-0.1757881620928976
872	-156.9232559758995	-1.994586543476386
873	-174.45407469846785	-2.212242717140945
874	25.769103687293796	0.27365435224684825
875	-150.2708865239712	-1.9119931801187628
876	105.39041808466449	1.26220319917347
877	-4.529662400338262	-0.1025239425467527
878	-91.11516788559354	-1.1775376151524175
879	-25.50807052375517	-0.3629841135163076
880	-142.13807331026982	-1.811019173528643
881	-1.8654109098118403	-0.06944557956296604
882	157.1579290562748	1.904929505145336
883	-9.919071537392751	-0.16943685686341148
884	34.69020809930659	0.3844154913533193
885	-11.500530411123806	-0.1890716664357128
886	-61.246439859937766	-0.8066985141854794
887	42.98044940139179	0.4873440669733974
888	68.3078294730725	0.8017994682065006
889	41.08428136458871	0.463801944608953
890	-16.071685967540038	-0.24582544635782255
891	-116.31417553817515	-1.4903991918193469
892	96.5192566295144	1.1520621333826984
893	-87.71758375822402	-1.1353544648632252
894	-20.74761286502673	-0.3038800285737661
895	-24.384589912236745	-0.34903539298253017
896	-65.17972423418111	-0.8555327209832657
897	59.77951817684445	0.6959151034239478
898	-130.2631065395576	-1.6635839698105397
899	83.57377336103114	0.991335792015121
900	-72.42738507889031	-0.945517002518677
901	-20.138899022892186	-0.2963224622197717
902	-43.85987779102199	-0.5908333778795607
903	24.791344083771072	0.2615148499546613
904	173.32279643676577	2.1056265311948557
905	-89.91780789605247	-1.1626716355340758
906	96.72627635705726	1.1546324138974384
907	-110.06682365448704	-1.412834377074607
908	-55.66742699764975	-0.7374315500095434
909	29.097922745335737	0.3149837408202601
910	-18.273567827340845	-0.27316319869272515
911	3.9906559062206317	0.00326118422672243
912	-159.02653717254088	-2.02070010637646
913	29.15204320727604	0.3156556804968549
914	65.02919348615221	0.761093134118788
915	-26.58001243604376	-0.376292948586232
916	83.50314479748752	0.9904588938430728
917	-30.089922280891464	-0.4198706935179984
918	-3.977957069456051	-0.09567417282347256
919	-35.99215385965323	-0.4931506219597664
920	108.48494657285077	1.300623722521162
921	-12.801639647265393	-0.20522575840026114
922	1.356395121061166	-0.0294448252304563
923	-167.7176110565668	-2.128605271364437
924	-51.624963706919836	-0.6872418180886369
925	57.08368209827623	0.6624445978546526
926	-171.028081855059	-2.169706854720637
927	-51.96336841086383	-0.6914433259689116
928	-1.3650872577822164	-0.06323374579649993
929	-49.653223257508955	-0.6627614165472115
930	-77.76599116203988	-1.0117991648722695
931	-144.45694169004878	-1.8398093873093992
932	65.19719997842932	0.7631790407064116
933	-36.54125848048896	-0.4999681022271754
934	-131.09928538021498	-1.6739656576162811
935	-0.8411640897016706	-0.056728909150632285
936	-7.686753576287241	-0.14172122113035818
937	37.02556764055325	0.4134104533070585
938	-74.59878100318198	-0.9724762527323432
939	-34.99018723368533	-0.4807105742130511
940	7.341951400566664	0.044869631935990015
941	98.03271310215347	1.170852650246489
942	34.9906908447544	0.38814617419599773
943	15.37887630833222	0.14465312471728786
944	-39.267019409758625	-0.5338101436958621
945	-141.0571181267478	-1.7975984330103816
946	32.14703501633646	0.35284039318101434
947	64.36502901773565	0.7528471132587693
948	58.54815505907064	0.6806269535179037
949	13.134694509810988	0.11679019195847955
950	173.45723294906256	2.10729564530358
951	-158.2931432120587	-2.011594557699389
952	138.06690919065676	1.667902450045211
953	-41.75849307655423	-0.5647433610020584
954	35.41033779162929	0.3933563557734969
955	-10.785425570014192	-0.18019318871324636
956	39.00179891546432	0.4379466112800821
957	-48.02744597037922	-0.6425763659145299
958	-26.050641687190474	-0.3697204767884934
959	-35.11231189634357	-0.4822268289416478
960	62.11058932655801	0.7248568222914945
961	73.52639466140776	0.8665912471238126
962	-12.626117029838046	-0.20304653437738976
963	38.72017585344282	0.4344500833046724
964	67.51237312310877	0.7919233758122878
965	-39.937659673960276	-0.5421365656457741
966	97.17646436324218	1.1602217819929366
967	31.008438637323525	0.3387040008580909
968	7.269792813964427	0.04397373756246216
969	-124.42878193506756	-1.5911471492931093
970	-22.196887980854132	-0.321873693404272
971	83.46511695919624	0.9899867542410268
972	-35.37025404251355	-0.485429343407781
973	63.1248822209969	0.7374499084372382
974	-74.54757537636472	-0.9718405025726092
975	-61.449645181831514	-0.8092214364477882
976	56.47623352341921	0.6549027405920959
977	55.25113384227908	0.6396923552031146
978	160.60847068461592	1.9477701562170489
979	-40.55159694244796	-0.5497589841331134
980	116.99001645638134	1.406219530503354
981	119.12641281005017	1.4327442389684444
982	154.80707243517867	1.8757421371690148
983	-31.536418692635316	-0.43782985898437626
984	6.120292616017718	0.02970196744885968
985	23.72702910893194	0.2483007081245849
986	41.83571384808173	0.4731314529287097
987	-8.70626936675292	-0.15437915282511064
988	-33.952818724233964	-0.4678309897497983
989	11.338894269084268	0.09449419909881418
990	103.59091921286945	1.2398612854758295
991	57.14353986899387	0.6631877698390688
992	-67.21968647059694	-0.8808601390477094
993	-100.56878919405628	-1.2949102874637703
994	-129.20037386993	-1.6503894732978532
995	51.53773087558905	0.5935881147911207
996	-70.02580874452867	-0.9156999173059032
997	119.99205758459918	1.4434917649318784
998	174.61318524609743	2.1216475222976343
999	192.8926296495049	2.3485983560563453
1000	26.52971396069682	0.28309780861809763
1001	-62.42017420291526	-0.8212711664976208
1002	-43.62126818089394	-0.5878708890442159
1003	-50.623490172353875	-0.6748078923827407
1004	61.89061352805468	0.7221256839825116
1005	144.4751472583855	1.74746476825901
1006	101.24735867154216	1.210764502932532
1007	54.381984869274426	0.6289013224052489
1008	82.6186981877907	0.9794779312352409
1009	43.78101492861088	0.4972835930263329
1010	-28.37800578398322	-0.3986161702554536
1011	-92.04866815018777	-1.1891276098310384
1012	55.182613788786746	0.6388416355134955
1013	-41.888033142974685	-0.5663516826463311
1014	19.128777872738677	0.19121051824487764
1015	-85.01851963640263	-1.101843881100548
1016	-5.369760322209773	-0.1129542882180992
1017	131.6442548932502	1.5881611452455604
1018	-61.01025213451442	-0.8037660945765764
1019	-122.29850592979089	-1.5646984288142969
1020	-95.34387622038228	-1.2300396967870113
1021	51.312849069995416	0.5907960653091833
1022	55.39033743270097	0.6414206555940479
1023	-8.59287444242224	-0.15297128330495954
1024	-76.25286673252874	-0.9930127705333796
1025	50.04623661352118	0.5750702726263153
1026	-12.790959650373377	-0.20509315950142745
1027	123.5401146758349	1.4875431319925396
1028	32.57922878812457	0.3582063515049089
1029	106.18233028643897	1.272035288732106
1030	-32.584841938313524	-0.4508466949717069
1031	-61.28431207062533	-0.8071687215726485
1032	83.69450091236483	0.9928347007252633
1033	38.56748558663025	0.4325543373183505
1034	-68.05476541035682	-0.8912281708899419
1035	42.67315292867791	0.483528787408307
1036	-133.95126440122215	-1.709374776317902
1037	-31.525539812209992	-0.437694790821012
1038	-107.08780442677278	-1.3758479740640783
1039	8.843809417333258	0.06351614665329976
1040	43.491917285218655	0.4936942634079057
1041	-39.38839200003042	-0.5353170609713404
1042	140.56940574831134	1.6989725234951536
1043	-28.67368795374852	-0.402287250922616
1044	50.8020801379145	0.584454546801531
1045	15.14992238973144	0.14181051738349576
1046	-81.44192138521231	-1.057438157534011
1047	-75.30598327528713	-0.9812566150753256
1048	-101.87894554572607	-1.3111767050749261
1049	-60.3778717543789	-0.7959146932233903
1050	73.1048588324589	0.8613576138837739
1051	-9.891317993797916	-0.16909227911150604
1052	62.50093550891273	0.7297032163932442
1053	42.37058182199676	0.479772176243485
1054	52.39532041483156	0.6042356299266222
1055	-10.985431805325632	-0.18267639229750904
1056	-35.02240631602819	-0.4811105944455746
1057	75.9554154387925	0.8967490724098993
1058	37.63365069350362	0.42096018801540136
1059	-6.647997618255744	-0.12882441061771854
1060	220.22367218224232	2.6879304907432884
1061	101.06812763938598	1.2085392366013683
1062	45.03450034345295	0.5128464052062129
1063	-6.297576662884728	-0.12447371339558902
1064	-19.477789899173185	-0.2881143753916212
1065	-78.61221507918158	-1.0223055686394469
1066	-99.35479061064272	-1.2798377292061331
1067	-8.274122126171559	-0.14901377221550174
1068	12.718170924412089	0.1116187888840608
1069	42.7861711134942	0.4849319794697228
1070	-98.2566509888599	-1.266203633046152
1071	17.32921948745076	0.1688678656496795
1072	-96.47822310497502	-1.244123328955937
1073	-12.835801505618438	-0.20564989942254108
1074	13.155812642472052	0.11705238689772847
1075	-0.16334025293539822	-0.048313298615611976
1076	-1.0768885014819225	-0.0596555764283772
1077	-63.636411407067726	-0.8363715186439536
1078	85.10400080980806	1.0103345311275445
1079	-5.149667273545379	-0.11022169417440007
1080	-43.619066434868444	-0.5878435529783496
1081	-7.280810495759431	-0.1366811816985693
1082	22.248015096774715	0.22993781613551945
1083	-39.91653858541958	-0.5418743340074148
1084	-16.38868862097924	-0.2497612342797104
1085	15.90057730095435	0.15113037165299167
1086	14.692572478403683	0.1361322297175994
1087	11.060238471021476	0.09103451157733453
1088	-121.64843654336224	-1.5566274072889656
1089	88.82784519938197	1.0565684083915579
1090	42.229222457985124	0.4780171105634766
1091	8.617037745089535	0.06070063328468904
1092	45.97164762922283	0.5244816799534334
1093	-10.993595334103352	-0.1827777476572032
1094	-100.45814998778722	-1.2935366319217845
1095	-56.54922155263176	-0.7483795856850562
1096	-51.15991556419051	-0.6814679520235017
1097	-64.71268989319933	-0.8497341950138435
1098	19.759221507386712	0.1990378736810512
1099	-67.71544626859239	-0.8870153096872581
1100	-50.36947055046503	-0.6716540785300615
1101	57.61964265192785	0.6690988862361059
1102	-53.31454285304562	-0.7082190090498184
1103	2.7877736724046662	-0.011673357537970656
1104	-9.76639228827217	-0.16754124766868614
1105	-125.1198313667776	-1.599726963932653
1106	-15.716055875438407	-0.2414100744170262
1107	-179.31130302456432	-2.2725482709661224
1108	-25.82115180041987	-0.3668712150717603
1109	218.75654670625462	2.6697152024305875
1110	-6.795695991549049	-0.1306581790968892
1111	-144.0601924414551	-1.8348834951009525
1112	-17.716569384051688	-0.2662477116397809
1113	172.0358979671961	2.089648874862084
1114	-46.086587303155625	-0.618479381180568
1115	-114.41300770603671	-1.4667949938417195
1116	82.84292944262768	0.982261903719138
1117	-127.01731706019875	-1.6232854458352473
1118	22.708007553858625	0.2356489126740144
1119	-84.91449190538262	-1.100552311194593
1120	109.67895404222439	1.3154480784867055
1121	-61.859709494250836	-0.8143126435733675
1122	41.99943717976844	0.4751641813755943
1123	-47.25168476931218	-0.6329448012184495
1124	-38.740347541804105	-0.5272711802070563
1125	29.398198505645944	0.3187118538118797
1126	123.86061505033047	1.4915223463278608
1127	-2.387932039981093	-0.0759330090236968
1128	-47.93783216853396	-0.6414637540322301
1129	26.46251417578978	0.2822634808958494
1130	92.70110529794476	1.1046573759407745
1131	-176.54189387223784	-2.2381643092729355
1132	33.408025093946186	0.3684963804834316
1133	-19.805301826918992	-0.2921806425837454
1134	60.82609813033553	0.7089090537759442
1135	-20.020486451380116	-0.2948522954445076
1136	131.53038704026636	1.5867474040178358
1137	14.836247377932343	0.1379160442317949
1138	54.385664001605754	0.6289470011541034
1139	-45.73132580214331	-0.6140685855306692
1140	-61.07009439636988	-0.8045090740086851
1141	33.39259178779612	0.3683047662515593
1142	63.384837284208814	0.740677414538285
1143	37.80941163109904	0.4231423709335024
1144	-66.30257938104353	-0.8694736759787678
1145	-95.93247866539292	-1.2373475674585444
1146	-138.5939101263463	-1.7670161517837133
1147	63.78591374833223	0.7456570318573341
1148	91.32700227745286	1.0875970200957759
1149	64.64641033525126	0.7563406398236351
1150	57.67806068572416	0.6698241829783934
1151	13.574426769482152	0.12224974536505732
1152	-88.11536183531611	-1.1402931306265105
1153	102.3927889532844	1.224985742468971
1154	-53.77878028304818	-0.7139828096050169
1155	15.8208117643889	0.15014003219686656
1156	-5.469159663426792	-0.11418839374485493
1157	-112.3669460148699	-1.4413918471987337
1158	83.62074031765448	0.9919189164104549
1159	-57.962539434074266	-0.7659268187672434
1160	-47.27558774528981	-0.6332415717442773
1161	26.646456212396416	0.2845472373191775
1162	-19.090061919134033	-0.2833004879232984
1163	-40.84749924889979	-0.5534327979361111
1164	5.490705082505457	0.021885241048353613
1165	-117.43021897559706	-1.5042555751450142
1166	-12.30497869809718	-0.1990593994004161
1167	-73.69285504911775	-0.9612286105140596
1168	44.58661771548971	0.5072856598356725
1169	-75.04317352342899	-0.9779936662138706
1170	-158.52765176149143	-2.014506129279069
1171	24.21728741748439	0.2543875743021134
1172	98.97934617516316	1.1826056970263503
1173	76.06213915135763	0.8980741146274825
1174	176.53291096726892	2.1454821281747525
1175	162.915435785989	1.976412583287276
1176	77.28590848522792	0.9132679829158662
1177	72.41542363285433	0.8527978409541495
1178	-52.54598351741012	-0.6986768600563291
1179	-10.316223611253669	-0.17436775040167102
1180	13.040701605897947	0.11562321076147496
1181	-2.513352355225814	-0.0774901813581997
1182	51.96946975055731	0.5989484252840277
1183	107.88620953282863	1.2931900244592058
1184	97.02965667247638	1.1583990718992272
1185	-19.347931874272128	-0.2865021060922293
1186	-68.12201793598734	-0.8920631534215433
1187	-106.24750696915005	-1.3654151510305044
1188	21.906748789770006	0.2257007796480189
1189	-32.69270532842693	-0.4521858870050116
1190	8.265090527150708	0.0563309865499455
1191	-13.589021917177398	-0.21500160599714133
1192	-95.91601589533748	-1.237143171782855
1193	-20.4566026363477	-0.3002669530024589
1194	33.943469669784534	0.3751442626748312
1195	-116.81806677539083	-1.49665531940649
1196	6.316301051797991	0.032135535829952336
1197	13.134088515231108	0.11678266815348187
1198	-28.86620041712427	-0.4046774146008909
1199	-43.71956469387159	-0.5890913022626665
1200	89.63620434746908	1.066604697164134
1201	30.370429331363532	0.3307827128398158
1202	-43.61233474527713	-0.5877599748054229
1203	-65.61302503372636	-0.8609124237551278
1204	185.18119731834796	2.2528560589489066
1205	83.42551465502557	0.9894950666518446
1206	-18.368126737654514	-0.27433720721625565
1207	57.50353518389799	0.6676573387747357
1208	-59.34245907250116	-0.7830593915932875
1209	74.97868762995121	0.8846223804995846
1210	-97.08227096458549	-1.2516229641933847
1211	94.32141734932064	1.1247745722238571
1212	-37.54389545655539	-0.5124164727932508
1213	-139.92273860340043	-1.7835143956107269
1214	-5.490936700958747	-0.1144587694037426
1215	5.238474524706593	0.01875363955497309
1216	-144.8418706763173	-1.8445885235043296
1217	0.9810229746434285	-0.03410530722975722
1218	-111.65635241676979	-1.432569379404124
1219	52.02673438361139	0.5996594018284838
1220	-12.766260806279629	-0.204786507770869
1221	34.36293573697884	0.3803521985169889
1222	63.75079325597813	0.745220988789182
1223	39.835226002100654	0.4482941343237229
1224	-90.39820614931006	-1.1686360829049551
1225	-101.81627371340014	-1.310398594740407
1226	63.7449128616158	0.7451479799835581
1227	-101.36004670297929	-1.304734248597646
1228	56.62954338940579	0.6568061792930339
1229	-80.20099927030485	-1.04203132664831
1230	-85.74567599218368	-1.1108719859802942
1231	25.355903670794294	0.2685242133769713
1232	-97.16209395286396	-1.25261401694877
1233	-0.2527909343884467	-0.049423885255338834
1234	-34.84008451178298	-0.4788469542291286
1235	-71.23620113165997	-0.9307277023617464
1236	-36.372665932264	-0.4978749193852489
1237	-25.17689215677549	-0.3588723251681412
1238	91.53239902871275	1.0901471503361169
1239	76.16397297914678	0.8993384458408142
1240	-9.6242952366348	-0.16577702313143794
1241	-0.8189511899760071	-0.056453121987648375
1242	89.24662083165691	1.0617677720486345
1243	31.688955447120506	0.3471530463521352
1244	-72.73312773431388	-0.9493129904618908
1245	-9.808052635334708	-0.1680584871586762
1246	78.8125784908159	0.9322225541269048
1247	14.038203102966403	0.12800782111610085
1248	-18.666168985569453	-0.2780375897424886
1249	-51.07594693080652	-0.6804254284688731
